model,r2,mse,rmse,mae,seed_count
random_forest__hyperimpute,0.26526565681909875,32.55749696259538,5.705620691161153,3.9504371059029615,5
random_forest__missforest,0.137111330407313,32.968282461509276,5.740622927303318,3.916576634791407,5
random_forest__vae_miwae,0.17991972120236874,36.09207282479293,6.003820938299635,4.080097625697023,5
random_forest__h_vae,0.32746974740096924,36.65938579706824,6.051908720007826,4.055168060154232,5
random_forest__mice_iterativeimputer,0.26097402259787345,36.76073450034839,6.061804637531943,4.140855204278957,5
random_forest__hver,0.32545321873511296,36.820967841538426,6.066185523678245,4.062318139151908,5
random_forest__vae,0.32496587967243984,36.966791131227886,6.075929423512772,4.065355346950865,5
random_forest__vanilla,0.32596675420409305,37.07404166517928,6.086834563756182,4.073898707154547,5
random_forest__hmc_vae,0.326032736280096,37.290291691795844,6.104927920107806,4.104375130026352,5
random_forest__hh_vaem,0.3250706157153835,37.56509418175606,6.126903454909059,4.104638711729879,5
gbdt__hyperimpute,-0.0450057351492857,38.92338585225858,6.238860941891443,4.703169628206194,5
gbdt__sinkhorn,0.2792556623345985,39.71313766892818,6.301836055383238,4.371175805511333,5
random_forest__sinkhorn,0.30191510142878386,39.7376067780635,6.301471630506972,4.19854031464164,5
gbdt__hh_vaem,0.3141304446193469,41.52371429124928,6.4438896864587365,4.378043629374655,5
gbdt__knn_based_method_matimputer,0.1330648523810764,41.733678780522375,6.4566316877629815,4.555044473272323,5
gbdt__vanilla,0.308523459826288,41.8816267191419,6.471601557508149,4.416332269866968,5
gbdt__missforest,-0.0317463521186578,41.944736199036186,6.476475600126676,4.490072017341201,5
gbdt__hver,0.3071260017747171,41.95622639868434,6.477362611332204,4.387320996377351,5
random_forest__rfe_missforest,0.2541506802630876,42.05836535388629,6.482380654150529,4.378357740940125,5
gbdt__h_vae,0.316749018708335,43.27613562383337,6.578459973567777,4.449246978715388,5
gbdt__hmc_vae,0.3019262663398661,44.76192412287137,6.690435271555311,4.53617516613677,5
gbdt__rfe_missforest,0.2425352571529496,44.82559537551736,6.692426078165998,4.655956035478819,5
gbdt__vae,0.2903300516457737,50.06765946744167,7.0758504412856045,4.70610575221841,5
gbdt__vae_miwae,0.0400820268568915,50.43118203005966,7.101491535590229,4.758700605600621,5
random_forest__knn插补,-0.5513443918559752,50.56480202028619,7.1091218069646684,5.247369080392547,5
gbdt__knn插补,-0.7048471282224092,52.41316998170007,7.239694053045341,5.553660680878953,5
random_forest__knn_based_method_matimputer,-0.03640475900914844,52.64123371848525,7.245061261482985,4.796865810597365,5
gbdt__softimpute,-0.0466227120067764,56.24451397958844,7.499634256388004,5.4296365273379,5
gbdt__mice_iterativeimputer,-0.0405186373140092,60.24974333686877,7.762070814986731,5.349895395668146,5
random_forest__softimpute,-0.01670168839761116,61.03787365514002,7.81121948528227,5.495638746520097,5
multioutput_svr__knn_based_method_matimputer,0.01166667065731358,65.63183853596566,8.10126544651958,5.027954706076511,5
multioutput_svr__hyperimpute,-0.43551310458742265,68.33670162751972,8.266601576677063,5.475818552478306,5
multioutput_svr__sinkhorn,0.0960487595231165,71.71792927447073,8.46864388638882,4.8224574902288575,5
multioutput_svr__rfe_missforest,0.0435887903188348,72.31904415632457,8.50405940596143,5.042493709633435,5
multioutput_svr__h_vae,0.10340156572027051,72.99708755569428,8.543833305706185,4.744446673426411,5
multioutput_svr__hmc_vae,0.10303765923980071,73.03054572254172,8.545791111567244,4.76465812276555,5
multioutput_svr__hver,0.0998604951600264,73.04776391352001,8.546798459863203,4.756127377167423,5
multioutput_svr__vanilla,0.0990223439357069,73.06588853624343,8.547858710591994,4.745066288294661,5
multioutput_svr__vae,0.0981270941416369,73.06599630562593,8.547865014471505,4.752502830344136,5
multioutput_svr__hh_vaem,0.1019163444264229,73.0840517798736,8.548921088644672,4.760200130279004,5
multioutput_svr__mice_iterativeimputer,-0.2761928892717097,74.82727726071745,8.650276137830367,5.093353764417974,5
gbdt__gtmcc,0.0701369127651101,76.24378388590637,8.731768657374426,5.297275003069236,5
gbdt__mida,-2.198356060379089,76.65876715961622,8.755499252447928,6.847468200344752,5
multioutput_svr__knn插补,-0.7740898928832928,76.67995314170344,8.756709036030799,5.650739466888925,5
multioutput_svr__vae_miwae,-0.1148644736516414,78.04489448757555,8.834302150570556,4.921763465082554,5
random_forest__gain,-2.2749323136686135,78.34207511905169,8.849775105118024,6.907306372814323,5
gbdt__gain,-2.621845854627628,79.12780158602821,8.895380912924876,6.8296145581807695,5
multioutput_svr__missforest,-0.2190365772309597,79.58332500510006,8.920948660602193,5.14952886328943,5
multitask_gp__knn_based_method_matimputer,-0.04858815385775994,80.41068068768286,8.967194014374499,5.0499542941143885,5
multitask_gp__hyperimpute,-0.2375965662758071,82.1056419495343,9.061216361478976,5.525094099035073,5
random_forest__mida,-2.509580317060546,85.18911291876618,9.229220806251032,7.756738015388523,5
multitask_gp__rfe_missforest,0.02727152925729772,86.62697011046531,9.307360512884095,5.162729499889783,5
multitask_gp__sinkhorn,0.0267199826621691,88.39488039465655,9.401855157077062,5.0919165574824845,5
multitask_gp__missforest,-0.1485512229295317,89.107209887506,9.439661534584063,5.040931022312463,5
multitask_gp__hver,0.076769934696089,89.84591394512871,9.478708453430178,5.095505223789649,5
multioutput_svr__gtmcc,-0.3656836142421659,89.96292133353326,9.484878561875911,6.611112162260076,5
multitask_gp__vae,0.0753453540294777,90.14329102446116,9.494382077021188,5.103550644334862,5
multitask_gp__h_vae,0.0759230258574255,90.21763686740692,9.498296524504113,5.103379700750013,5
multitask_gp__vanilla,0.0753088076249409,90.38686910176868,9.50720090782606,5.107526643030723,5
multitask_gp__hmc_vae,0.0766781584345626,90.42185232922849,9.50904055776546,5.127822880347259,5
multitask_gp__hh_vaem,0.0748414926842402,90.43353030478484,9.50965458388394,5.123562373311497,5
random_forest__miwae,-1.8342517238375031,92.4399160588121,9.61345343956681,7.285350704591531,5
multitask_gp__knn插补,-0.7335187216803208,92.96779495579564,9.6419808626545,5.840003954387003,5
multitask_gp__vae_miwae,-0.12197970083520722,93.14085415309806,9.650950945533712,5.267080283398823,5
ridge__hyperimpute,-0.1596648370008883,96.26499252831736,9.811472495416648,5.948367625301991,5
random_forest__低秩矩阵,-2.7921654189436502,96.37387051415617,9.816524095637908,7.888696095838421,5
multioutput_gp__vanilla,-0.0282078597633679,97.59041838937672,9.878786281187416,5.858429810710639,5
multioutput_gp__h_vae,-0.0275279368642772,97.59802260140825,9.879171149514937,5.859139211800734,5
multioutput_gp__hmc_vae,-0.0282643868287783,97.60071538466906,9.879307434464678,5.876704079510279,5
multioutput_gp__hh_vaem,-0.0290528105716431,97.61592999835383,9.880077428763087,5.871690692256335,5
multioutput_gp__hver,-0.0290224636877505,97.6339964166502,9.88099167172254,5.867049529668094,5
multioutput_gp__vae,-0.0299181866188514,97.63806846495147,9.881197724210942,5.863129344558692,5
multioutput_gp__sinkhorn,-0.031961455887864,97.65385191403077,9.881996352662288,5.887081767655316,5
multitask_elasticnet__hyperimpute,-0.17280969590163,97.98943523470818,9.898961321002734,5.999485147777955,5
multioutput_gp__vae_miwae,-0.062581349821627,98.42244427556636,9.920808650284831,6.032985578801611,5
ridge__vae_miwae,-0.1043857885278622,98.45256969484365,9.92232682866492,5.671745011394694,5
multioutput_gp__rfe_missforest,-0.08008086646046389,98.52598269608568,9.926025523646697,6.04920642772323,5
multioutput_gp__missforest,-0.0103116248773241,98.74071653351513,9.936836344305725,5.894942234193211,5
ridge__mice_iterativeimputer,-0.10817875575626941,98.85397636035778,9.942533699231689,5.915101562732185,5
multitask_lasso__hyperimpute,-0.18409596158396,99.44212550453054,9.972067263337657,6.043261519548871,5
multitask_elasticnet__mice_iterativeimputer,-0.1100098769185082,99.56175079445018,9.978063479175214,5.923573438141909,5
multioutput_gp__knn插补,-0.1529935252979728,99.58825239435302,9.979391383964908,6.243863278726165,5
multitask_lasso__mice_iterativeimputer,-0.11135510380525251,100.14504493289893,10.007249618796312,5.9307483277704,5
multitask_elasticnet__vae_miwae,-0.1082858376018292,100.24663074079687,10.012323943061215,5.709413066766729,5
multioutput_gp__knn_based_method_matimputer,-0.06708074770142616,100.25163534557176,10.012566099842617,6.144249305520162,5
ridge__rfe_missforest,-0.02721765008051468,101.59201216260752,10.0792862865014,5.695296362038962,5
ridge__sinkhorn,-0.0046551314204231,101.66777605788668,10.08304398769968,5.563576417242783,5
multitask_lasso__vae_miwae,-0.11160619968965799,101.75417070566476,10.087327233002048,5.7415835222732365,5
multitask_elasticnet__rfe_missforest,-0.0315485260620028,103.06340478634544,10.152014809393155,5.724589099160963,5
multitask_elasticnet__sinkhorn,-0.0092151127527487,103.18769072909895,10.158134214957933,5.590354689180848,5
ridge__vae,-0.0037908623397757005,103.39434340207177,10.168300910283476,5.5633715505309445,5
ridge__hver,-0.0032515692111971,103.4051947753189,10.168834484606332,5.565015891265897,5
ridge__h_vae,-0.0034617442376664994,103.45930276040477,10.171494617823123,5.564148197588036,5
ridge__hh_vaem,-0.0030891167228196,103.53453269419546,10.175192022472867,5.566243777022831,5
ridge__vanilla,-0.0043019224260421,103.54464608907622,10.175688973680172,5.563642174444836,5
ridge__missforest,-0.2228863456248109,103.57693638905089,10.177275489493782,5.813480566334516,5
ridge__hmc_vae,-0.0023220903197516,103.61081268380124,10.178939664022046,5.56800907383712,5
multioutput_gp__hyperimpute,-0.23130347621390487,104.16944100890859,10.206343175148904,6.587623062904884,5
gbdt__miwae,-1.9195438314177575,104.23890192931438,10.209745439006516,7.564795411622841,5
multitask_lasso__rfe_missforest,-0.0351144807395944,104.27764827756914,10.211642776524457,5.750501292443707,5
multitask_lasso__sinkhorn,-0.012978820358861002,104.44553752790848,10.219859956374572,5.6118043160051805,5
multitask_elasticnet__vae,-0.0082791554379069,104.89201596107179,10.24168032898273,5.586975462495548,5
multitask_elasticnet__hver,-0.0077424091124041,104.90388870843712,10.242259941460045,5.588920303413745,5
multitask_elasticnet__h_vae,-0.0079507026785999,104.95738720202958,10.244871263321446,5.587966890343228,5
multitask_elasticnet__hh_vaem,-0.007568208656651,105.03010394396702,10.24841958274382,5.590402310054889,5
multitask_elasticnet__vanilla,-0.0088004516687388,105.03975120521474,10.248890242617234,5.587658445488167,5
multitask_elasticnet__hmc_vae,-0.006804602844146799,105.10627250276643,10.252135021680433,5.592339656658743,5
multitask_elasticnet__missforest,-0.2302376736580983,105.38517321122488,10.26572808967902,5.849829502590602,5
multioutput_gp__mice_iterativeimputer,-0.4216408482947281,105.83468948902154,10.287598820376967,6.864760348059592,5
multitask_lasso__vae,-0.0119791073429717,106.12629068049652,10.301761532888271,5.609237843988325,5
multitask_lasso__hver,-0.0114435606827406,106.13899640816388,10.302378191862491,5.611368852075646,5
multitask_lasso__h_vae,-0.0116507934911499,106.19221643365086,10.304960768176212,5.610146558647995,5
multitask_lasso__hh_vaem,-0.0112591889590764,106.26258220465316,10.308374372550366,5.611757681631563,5
multitask_lasso__vanilla,-0.0125075796981274,106.27174222694892,10.308818663016094,5.608642530855248,5
multitask_lasso__hmc_vae,-0.0104982689488977,106.33895094073776,10.312077915761584,5.613159010411691,5
multitask_lasso__missforest,-0.23632355614166717,106.89320195399614,10.33891686561006,5.881168319113642,5
ridge__knn_based_method_matimputer,-0.18400322361754876,109.3269255032329,10.455923081927091,6.078645979536296,5
multitask_elasticnet__knn_based_method_matimputer,-0.18977730968952183,111.3244307445558,10.551010894870567,6.112892482581493,5
ridge__knn插补,-0.6042124294353661,111.86237409574558,10.576501032749231,6.443896416841926,5
multitask_lasso__knn_based_method_matimputer,-0.194695452452231,112.99677441417717,10.629965769028903,6.141317260427407,5
multitask_gp__mice_iterativeimputer,-0.1865136312418165,113.4201272499171,10.649888602699894,6.442161365591548,5
multitask_elasticnet__knn插补,-0.6039645034786189,113.79020803230932,10.667249318934536,6.477555701069062,5
multitask_lasso__knn插补,-0.6042776309442226,115.42044335347552,10.743390682343984,6.506364094597052,5
gbdt__低秩矩阵,-2.7998803245494956,126.30833372137832,11.237602353037627,8.60864669227991,5
multioutput_svr__mida,-2.808528488103963,142.1857340612804,11.92416596921061,8.939936664967808,5
multioutput_svr__gain,-2.708060205720779,153.8611377853342,12.404077466113076,8.76982882991718,5
multioutput_gp__mida,-2.555283970007601,156.45384949163895,12.508151321903608,8.944684262487819,5
multioutput_gp__gain,-0.7272088784428374,163.38791226359518,12.78232812376506,7.967168256518432,5
multitask_gp__mida,-2.643792982334767,170.80510645559548,13.069242765194755,9.615830800819804,5
multitask_gp__gain,-2.5817753534822625,184.5496208611307,13.584904153549655,9.31676738958247,5
random_forest__gtmcc,-0.3202154324154588,184.711743633334,13.583871439690133,7.701442428073314,5
ridge__mida,-3.0105816440712543,185.41013464889724,13.616539011397032,9.939842326987904,5
multitask_elasticnet__mida,-3.0161564196169843,186.8001741543511,13.667486021736078,9.956134682505516,5
multitask_lasso__mida,-3.020537698388157,187.9508500341315,13.709516768804487,9.969564834335769,5
multioutput_svr__softimpute,-0.4893251211130688,194.4654364455336,13.945086462461736,8.631032118397627,5
ridge__gain,-2.173792717190336,203.5611771617312,14.267486714965994,9.503741384499158,5
multitask_elasticnet__gain,-2.179550720684259,205.36841692287967,14.330680965079074,9.5143620620511,5
multitask_lasso__gain,-2.184479518049609,206.9476194964961,14.385674106432973,9.523163490896366,5
multitask_gp__softimpute,-0.6986796251818781,256.6307068530029,16.019697464465516,9.533759860975234,5
multioutput_svr__低秩矩阵,-3.6572512032515965,263.400771904065,16.229626363651448,12.054051486774723,5
multioutput_gp__softimpute,-0.7724233011987383,266.53067247968426,16.32576713296145,9.61320856811311,5
multioutput_svr__miwae,-2.7700714019122405,271.26563396542883,16.470143714170465,11.599115757350985,5
multitask_gp__miwae,-2.690121821822655,336.247193164211,18.33704428647679,12.370222273103568,5
multitask_gp__低秩矩阵,-3.7708924148552656,379.18218031257646,19.4726007588246,13.51460469978397,5
ridge__softimpute,-1.2319632155245095,396.4906398123355,19.91207271512274,11.579021629020325,5
multitask_elasticnet__softimpute,-1.2349265190409602,397.3060627491057,19.932537789983133,11.592786314453086,5
multitask_lasso__softimpute,-1.2371708279847675,397.9443713107515,19.94854308742249,11.603240712336625,5
multioutput_gp__miwae,-3.3734953144777164,419.97659724769466,20.49333055527321,13.90886929963481,5
multioutput_gp__低秩矩阵,-4.433975678283477,440.9907382731385,20.99977948153596,14.872563253573551,5
ridge__低秩矩阵,-4.107839093056113,565.9191299107017,23.789054834328784,16.03369910479106,5
multitask_elasticnet__低秩矩阵,-4.106589973919218,566.3442571918765,23.797988511466187,16.03823706897047,5
multitask_lasso__低秩矩阵,-4.105744286136934,566.6951159053303,23.805358974510977,16.041877838434793,5
multitask_gp__gtmcc,-1.7081281479948398,623.5387181282194,24.97075725980731,13.83122698454164,5
ridge__gtmcc,-2.1421795990392174,650.3677209922017,25.50230815028714,14.313668221100977,5
ridge__miwae,-3.685623646936633,702.1883228534442,26.49883625470078,16.798283184898867,5
multitask_elasticnet__miwae,-3.6876762308645814,703.8576113311558,26.530314949716598,16.81552920074433,5
multitask_lasso__miwae,-3.689358426931115,705.1595812251511,26.554841012989534,16.829197488369033,5
multitask_elasticnet__gtmcc,-2.4899289340423283,729.9489127385141,27.017566743482178,15.128510926360923,5
multitask_lasso__gtmcc,-3.0909592605174567,864.9239106676462,29.409588753800115,16.37747227140964,5
multioutput_gp__gtmcc,-11.496138797262,3198.8509018060854,56.55838489389602,27.697622009239133,5
